periodo,filial,produto,volume_vendido,preco_unitario,receita,custo_variavel_unitario,custo_variavel_total,custo_fixo_alocado,margem_contribuicao,margem_contribuicao_pct,resultado_liquido
2025-01,Filial BH,Esmalte Sintético,474,45.37,21505.38,29.52,13992.48,10400.0,7512.9000000000015,0.3493,-2887.0999999999985
2025-01,Filial BH,Primer Industrial,307,36.28,11137.96,19.76,6066.32,10400.0,5071.639999999999,0.4553,-5328.360000000001
2025-01,Filial BH,Tinta Acrílica Premium,563,51.54,29017.02,33.62,18928.06,10400.0,10088.96,0.3477,-311.0400000000009
2025-01,Filial BH,Tinta Látex Standard,476,42.91,20425.16,27.42,13051.92,10400.0,7373.24,0.361,-3026.76
2025-01,Filial BH,Verniz Automotivo,632,62.96,39790.72,53.67,33919.44,10400.0,5871.279999999999,0.1476,-4528.720000000001
2025-01,Filial Curitiba,Esmalte Sintético,303,47.46,14380.38,34.66,10501.98,8800.0,3878.3999999999996,0.2697,-4921.6
2025-01,Filial Curitiba,Primer Industrial,247,37.08,9158.76,22.63,5589.61,8800.0,3569.1500000000005,0.3897,-5230.849999999999
2025-01,Filial Curitiba,Tinta Acrílica Premium,389,56.08,21815.12,40.16,15622.24,8800.0,6192.879999999999,0.2839,-2607.120000000001
2025-01,Filial Curitiba,Tinta Látex Standard,268,40.39,10824.52,28.46,7627.28,8800.0,3197.2400000000007,0.2954,-5602.759999999999
2025-01,Filial Curitiba,Verniz Automotivo,464,66.06,30651.84,58.0,26912.0,8800.0,3739.84,0.122,-5060.16
2025-01,Filial POA,Esmalte Sintético,426,52.73,22462.98,31.85,13568.1,9600.0,8894.88,0.396,-705.1200000000008
2025-01,Filial POA,Primer Industrial,278,35.7,9924.6,18.94,5265.32,9600.0,4659.280000000001,0.4695,-4940.719999999999
2025-01,Filial POA,Tinta Acrílica Premium,490,56.12,27498.8,37.11,18183.9,9600.0,9314.899999999998,0.3387,-285.1000000000022
2025-01,Filial POA,Tinta Látex Standard,365,42.61,15552.65,26.77,9771.05,9600.0,5781.6,0.3717,-3818.3999999999996
2025-01,Filial POA,Verniz Automotivo,623,73.49,45784.27,61.88,38551.24,9600.0,7233.029999999999,0.158,-2366.970000000001
2025-01,Filial RJ,Esmalte Sintético,726,50.86,36924.36,30.04,21809.04,11600.0,15115.32,0.4094,3515.3199999999997
2025-01,Filial RJ,Primer Industrial,546,36.89,20141.94,18.38,10035.48,11600.0,10106.46,0.5018,-1493.5400000000009
2025-01,Filial RJ,Tinta Acrílica Premium,752,54.81,41217.12,35.06,26365.12,11600.0,14852.000000000004,0.3603,3252.0000000000036
2025-01,Filial RJ,Tinta Látex Standard,626,42.1,26354.6,24.69,15455.94,11600.0,10898.659999999998,0.4135,-701.340000000002
2025-01,Filial RJ,Verniz Automotivo,913,67.37,61508.81,52.05,47521.65,11600.0,13987.159999999996,0.2274,2387.159999999996
2025-01,Filial Recife,Esmalte Sintético,250,47.25,11812.5,34.16,8540.0,9200.0,3272.5,0.277,-5927.5
2025-01,Filial Recife,Primer Industrial,137,35.07,4804.59,22.87,3133.19,9200.0,1671.4,0.3479,-7528.6
2025-01,Filial Recife,Tinta Acrílica Premium,238,50.81,12092.78,40.99,9755.62,9200.0,2337.16,0.1933,-6862.84
2025-01,Filial Recife,Tinta Látex Standard,181,39.12,7080.72,27.89,5048.09,9200.0,2032.63,0.2871,-7167.37
2025-01,Filial Recife,Verniz Automotivo,271,65.93,17867.03,60.51,16398.21,9200.0,1468.8199999999997,0.0822,-7731.18
2025-01,Filial SP,Esmalte Sintético,1221,49.27,60158.67,29.79,36373.59,13000.0,23785.08,0.3954,10785.080000000002
2025-01,Filial SP,Primer Industrial,934,37.15,34698.1,17.8,16625.2,13000.0,18072.899999999998,0.5209,5072.899999999998
2025-01,Filial SP,Tinta Acrílica Premium,1251,61.14,76486.14,37.85,47350.35,13000.0,29135.79,0.3809,16135.79
2025-01,Filial SP,Tinta Látex Standard,1029,43.45,44710.05,23.08,23749.32,13000.0,20960.730000000003,0.4688,7960.730000000003
2025-01,Filial SP,Verniz Automotivo,1387,74.64,103525.68,55.98,77644.26,13000.0,25881.42,0.25,12881.419999999998
2025-02,Filial BH,Esmalte Sintético,520,46.76,24315.2,29.59,15386.8,10400.0,8928.400000000001,0.3672,-1471.5999999999985
2025-02,Filial BH,Primer Industrial,340,34.28,11655.2,19.98,6793.2,10400.0,4862.000000000001,0.4172,-5537.999999999999
2025-02,Filial BH,Tinta Acrílica Premium,641,55.41,35517.81,37.1,23781.1,10400.0,11736.71,0.3304,1336.7099999999991
2025-02,Filial BH,Tinta Látex Standard,398,39.88,15872.24,24.55,9770.9,10400.0,6101.34,0.3844,-4298.66
2025-02,Filial BH,Verniz Automotivo,791,67.97,53764.27,54.09,42785.19,10400.0,10979.079999999994,0.2042,579.0799999999945
2025-02,Filial Curitiba,Esmalte Sintético,361,46.73,16869.53,34.0,12274.0,8800.0,4595.529999999999,0.2724,-4204.470000000001
2025-02,Filial Curitiba,Primer Industrial,247,37.26,9203.22,21.98,5429.06,8800.0,3774.159999999999,0.4101,-5025.840000000001
2025-02,Filial Curitiba,Tinta Acrílica Premium,430,53.62,23056.6,38.85,16705.5,8800.0,6351.0999999999985,0.2755,-2448.9000000000015
2025-02,Filial Curitiba,Tinta Látex Standard,259,42.38,10976.42,29.33,7596.47,8800.0,3379.95,0.3079,-5420.05
2025-02,Filial Curitiba,Verniz Automotivo,411,67.28,27652.08,60.07,24688.77,8800.0,2963.3100000000013,0.1072,-5836.689999999999
2025-02,Filial POA,Esmalte Sintético,416,48.26,20076.16,30.74,12787.84,9600.0,7288.32,0.363,-2311.6800000000003
2025-02,Filial POA,Primer Industrial,329,35.72,11751.88,18.86,6204.94,9600.0,5546.94,0.472,-4053.0600000000004
2025-02,Filial POA,Tinta Acrílica Premium,476,57.31,27279.56,38.59,18368.84,9600.0,8910.720000000001,0.3266,-689.2799999999988
2025-02,Filial POA,Tinta Látex Standard,371,46.08,17095.68,28.93,10733.03,9600.0,6362.65,0.3722,-3237.3500000000004
2025-02,Filial POA,Verniz Automotivo,573,70.38,40327.74,55.87,32013.51,9600.0,8314.23,0.2062,-1285.7700000000004
2025-02,Filial RJ,Esmalte Sintético,822,51.29,42160.38,32.18,26451.96,11600.0,15708.419999999998,0.3726,4108.419999999998
2025-02,Filial RJ,Primer Industrial,529,37.98,20091.42,19.9,10527.1,11600.0,9564.319999999998,0.476,-2035.680000000002
2025-02,Filial RJ,Tinta Acrílica Premium,827,55.4,45815.8,36.25,29978.75,11600.0,15837.050000000003,0.3457,4237.050000000003
2025-02,Filial RJ,Tinta Látex Standard,632,41.18,26025.76,23.38,14776.16,11600.0,11249.599999999999,0.4322,-350.40000000000146
2025-02,Filial RJ,Verniz Automotivo,988,71.76,70898.88,57.92,57224.96,11600.0,13673.920000000006,0.1929,2073.9200000000055
2025-02,Filial Recife,Esmalte Sintético,250,45.39,11347.5,34.29,8572.5,9200.0,2775.0,0.2445,-6425.0
2025-02,Filial Recife,Primer Industrial,180,34.12,6141.6,20.91,3763.8,9200.0,2377.8,0.3872,-6822.2
2025-02,Filial Recife,Tinta Acrílica Premium,298,50.65,15093.7,38.15,11368.7,9200.0,3725.0,0.2468,-5475.0
2025-02,Filial Recife,Tinta Látex Standard,203,41.94,8513.82,29.01,5889.03,9200.0,2624.79,0.3083,-6575.21
2025-02,Filial Recife,Verniz Automotivo,343,65.67,22524.81,61.29,21022.47,9200.0,1502.3400000000001,0.0667,-7697.66
2025-02,Filial SP,Esmalte Sintético,1090,49.33,53769.7,28.88,31479.2,13000.0,22290.499999999996,0.4146,9290.499999999996
2025-02,Filial SP,Primer Industrial,862,38.28,32997.36,19.72,16998.64,13000.0,15998.720000000001,0.4848,2998.720000000001
2025-02,Filial SP,Tinta Acrílica Premium,1238,59.75,73970.5,37.09,45917.42,13000.0,28053.08,0.3792,15053.080000000002
2025-02,Filial SP,Tinta Látex Standard,1094,46.22,50564.68,25.41,27798.54,13000.0,22766.14,0.4502,9766.14
2025-02,Filial SP,Verniz Automotivo,1731,71.48,123731.88,50.56,87519.36,13000.0,36212.520000000004,0.2927,23212.520000000004
2025-03,Filial BH,Esmalte Sintético,602,47.89,28829.78,31.39,18896.78,10400.0,9933.0,0.3445,-467.0
2025-03,Filial BH,Primer Industrial,354,34.39,12174.06,18.74,6633.96,10400.0,5540.099999999999,0.4551,-4859.900000000001
2025-03,Filial BH,Tinta Acrílica Premium,625,54.32,33950.0,37.61,23506.25,10400.0,10443.75,0.3076,43.75
2025-03,Filial BH,Tinta Látex Standard,435,41.87,18213.45,25.28,10996.8,10400.0,7216.6500000000015,0.3962,-3183.3499999999985
2025-03,Filial BH,Verniz Automotivo,719,67.22,48331.18,57.11,41062.09,10400.0,7269.090000000004,0.1504,-3130.909999999996
2025-03,Filial Curitiba,Esmalte Sintético,405,49.46,20031.3,36.01,14584.05,8800.0,5447.25,0.2719,-3352.75
2025-03,Filial Curitiba,Primer Industrial,285,35.2,10032.0,21.1,6013.5,8800.0,4018.5,0.4006,-4781.5
2025-03,Filial Curitiba,Tinta Acrílica Premium,418,56.98,23817.64,43.46,18166.28,8800.0,5651.360000000001,0.2373,-3148.6399999999994
2025-03,Filial Curitiba,Tinta Látex Standard,323,40.31,13020.13,27.73,8956.79,8800.0,4063.3399999999983,0.3121,-4736.660000000002
2025-03,Filial Curitiba,Verniz Automotivo,580,64.78,37572.4,59.58,34556.4,8800.0,3016.0,0.0803,-5784.0
2025-03,Filial POA,Esmalte Sintético,425,51.73,21985.25,31.88,13549.0,9600.0,8436.25,0.3837,-1163.75
2025-03,Filial POA,Primer Industrial,296,37.94,11230.24,19.83,5869.68,9600.0,5360.5599999999995,0.4773,-4239.4400000000005
2025-03,Filial POA,Tinta Acrílica Premium,488,59.91,29236.08,39.12,19090.56,9600.0,10145.52,0.347,545.5200000000004
2025-03,Filial POA,Tinta Látex Standard,454,44.58,20239.32,27.54,12503.16,9600.0,7736.16,0.3822,-1863.8400000000001
2025-03,Filial POA,Verniz Automotivo,651,70.94,46181.94,57.42,37380.42,9600.0,8801.520000000004,0.1906,-798.4799999999959
2025-03,Filial RJ,Esmalte Sintético,858,47.02,40343.16,27.49,23586.42,11600.0,16756.740000000005,0.4154,5156.740000000005
2025-03,Filial RJ,Primer Industrial,644,34.74,22372.56,17.52,11282.88,11600.0,11089.680000000002,0.4957,-510.3199999999979
2025-03,Filial RJ,Tinta Acrílica Premium,897,57.16,51272.52,37.92,34014.24,11600.0,17258.28,0.3366,5658.279999999999
2025-03,Filial RJ,Tinta Látex Standard,807,44.2,35669.4,26.0,20982.0,11600.0,14687.400000000001,0.4118,3087.4000000000015
2025-03,Filial RJ,Verniz Automotivo,1012,66.47,67267.64,54.12,54769.44,11600.0,12498.199999999997,0.1858,898.1999999999971
2025-03,Filial Recife,Esmalte Sintético,273,45.05,12298.65,33.2,9063.6,9200.0,3235.0499999999993,0.263,-5964.950000000001
2025-03,Filial Recife,Primer Industrial,201,33.38,6709.38,20.62,4144.62,9200.0,2564.76,0.3823,-6635.24
2025-03,Filial Recife,Tinta Acrílica Premium,315,54.36,17123.4,44.22,13929.3,9200.0,3194.100000000002,0.1865,-6005.899999999998
2025-03,Filial Recife,Tinta Látex Standard,206,38.06,7840.36,28.18,5805.08,9200.0,2035.2799999999997,0.2596,-7164.72
2025-03,Filial Recife,Verniz Automotivo,336,66.99,22508.64,67.19,22575.84,9200.0,-67.20000000000073,-0.003,-9267.2
2025-03,Filial SP,Esmalte Sintético,1198,49.64,59468.72,29.81,35712.38,13000.0,23756.340000000004,0.3995,10756.340000000004
2025-03,Filial SP,Primer Industrial,1075,38.76,41667.0,18.88,20296.0,13000.0,21371.0,0.5129,8371.0
2025-03,Filial SP,Tinta Acrílica Premium,1398,56.24,78623.52,35.47,49587.06,13000.0,29036.460000000006,0.3693,16036.460000000006
2025-03,Filial SP,Tinta Látex Standard,1257,43.91,55194.87,24.54,30846.78,13000.0,24348.090000000004,0.4411,11348.090000000004
2025-03,Filial SP,Verniz Automotivo,1979,72.4,143279.6,53.92,106707.68,13000.0,36571.92000000001,0.2552,23571.920000000013
2025-04,Filial BH,Esmalte Sintético,517,46.86,24226.62,29.22,15106.74,10400.0,9119.88,0.3764,-1280.1200000000008
2025-04,Filial BH,Primer Industrial,352,36.46,12833.92,21.03,7402.56,10400.0,5431.36,0.4232,-4968.64
2025-04,Filial BH,Tinta Acrílica Premium,543,53.47,29034.21,36.61,19879.23,10400.0,9154.98,0.3153,-1245.0200000000004
2025-04,Filial BH,Tinta Látex Standard,502,41.93,21048.86,27.23,13669.46,10400.0,7379.4000000000015,0.3506,-3020.5999999999985
2025-04,Filial BH,Verniz Automotivo,776,64.44,50005.44,55.53,43091.28,10400.0,6914.1600000000035,0.1383,-3485.8399999999965
2025-04,Filial Curitiba,Esmalte Sintético,322,48.99,15774.78,33.32,10729.04,8800.0,5045.74,0.3199,-3754.26
2025-04,Filial Curitiba,Primer Industrial,280,37.27,10435.6,22.98,6434.4,8800.0,4001.2000000000007,0.3834,-4798.799999999999
2025-04,Filial Curitiba,Tinta Acrílica Premium,433,55.34,23962.22,39.51,17107.83,8800.0,6854.389999999999,0.286,-1945.6100000000006
2025-04,Filial Curitiba,Tinta Látex Standard,309,42.53,13141.77,28.93,8939.37,8800.0,4202.4,0.3198,-4597.6
2025-04,Filial Curitiba,Verniz Automotivo,570,68.27,38913.9,60.56,34519.2,8800.0,4394.700000000004,0.1129,-4405.299999999996
2025-04,Filial POA,Esmalte Sintético,541,51.8,28023.8,32.81,17750.21,9600.0,10273.59,0.3666,673.5900000000001
2025-04,Filial POA,Primer Industrial,363,37.1,13467.3,19.53,7089.39,9600.0,6377.909999999999,0.4736,-3222.090000000001
2025-04,Filial POA,Tinta Acrílica Premium,569,56.68,32250.92,36.19,20592.11,9600.0,11658.809999999998,0.3615,2058.8099999999977
2025-04,Filial POA,Tinta Látex Standard,371,42.9,15915.9,25.87,9597.77,9600.0,6318.129999999999,0.397,-3281.870000000001
2025-04,Filial POA,Verniz Automotivo,705,71.53,50428.65,56.66,39945.3,9600.0,10483.349999999999,0.2079,883.3499999999985
2025-04,Filial RJ,Esmalte Sintético,751,49.56,37219.56,31.0,23281.0,11600.0,13938.559999999998,0.3745,2338.5599999999977
2025-04,Filial RJ,Primer Industrial,572,37.0,21164.0,18.51,10587.72,11600.0,10576.28,0.4997,-1023.7199999999993
2025-04,Filial RJ,Tinta Acrílica Premium,823,55.71,45849.33,35.69,29372.87,11600.0,16476.460000000003,0.3594,4876.460000000003
2025-04,Filial RJ,Tinta Látex Standard,688,43.39,29852.32,23.98,16498.24,11600.0,13354.079999999998,0.4473,1754.079999999998
2025-04,Filial RJ,Verniz Automotivo,1014,71.02,72014.28,54.83,55597.62,11600.0,16416.659999999996,0.228,4816.659999999996
2025-04,Filial Recife,Esmalte Sintético,220,45.96,10111.2,34.17,7517.4,9200.0,2593.800000000001,0.2565,-6606.199999999999
2025-04,Filial Recife,Primer Industrial,167,33.78,5641.26,21.37,3568.79,9200.0,2072.4700000000003,0.3674,-7127.53
2025-04,Filial Recife,Tinta Acrílica Premium,271,53.34,14455.14,39.64,10742.44,9200.0,3712.699999999999,0.2568,-5487.300000000001
2025-04,Filial Recife,Tinta Látex Standard,193,38.18,7368.74,25.86,4990.98,9200.0,2377.76,0.3227,-6822.24
2025-04,Filial Recife,Verniz Automotivo,386,65.3,25205.8,62.43,24097.98,9200.0,1107.8199999999997,0.044,-8092.18
2025-04,Filial SP,Esmalte Sintético,1439,53.77,77375.03,30.55,43961.45,13000.0,33413.58,0.4318,20413.58
2025-04,Filial SP,Primer Industrial,941,36.7,34534.7,18.31,17229.71,13000.0,17304.989999999998,0.5011,4304.989999999998
2025-04,Filial SP,Tinta Acrílica Premium,1633,60.31,98486.23,37.83,61776.39,13000.0,36709.84,0.3727,23709.839999999997
2025-04,Filial SP,Tinta Látex Standard,1292,45.05,58204.6,24.78,32015.76,13000.0,26188.84,0.4499,13188.84
2025-04,Filial SP,Verniz Automotivo,2004,73.08,146452.32,55.36,110941.44,13000.0,35510.880000000005,0.2425,22510.880000000005
2025-05,Filial BH,Esmalte Sintético,587,45.28,26579.36,30.66,17997.42,10400.0,8581.940000000002,0.3229,-1818.0599999999977
2025-05,Filial BH,Primer Industrial,404,35.99,14539.96,19.72,7966.88,10400.0,6573.079999999999,0.4521,-3826.920000000001
2025-05,Filial BH,Tinta Acrílica Premium,707,52.83,37350.81,35.57,25147.99,10400.0,12202.819999999996,0.3267,1802.819999999996
2025-05,Filial BH,Tinta Látex Standard,513,40.35,20699.55,26.09,13384.17,10400.0,7315.379999999999,0.3534,-3084.620000000001
2025-05,Filial BH,Verniz Automotivo,840,65.13,54709.2,55.88,46939.2,10400.0,7770.0,0.142,-2630.0
2025-05,Filial Curitiba,Esmalte Sintético,397,50.46,20032.62,37.78,14998.66,8800.0,5033.959999999999,0.2513,-3766.040000000001
2025-05,Filial Curitiba,Primer Industrial,289,35.26,10190.14,20.68,5976.52,8800.0,4213.619999999999,0.4135,-4586.380000000001
2025-05,Filial Curitiba,Tinta Acrílica Premium,436,52.27,22789.72,40.36,17596.96,8800.0,5192.760000000002,0.2279,-3607.239999999998
2025-05,Filial Curitiba,Tinta Látex Standard,335,40.24,13480.4,26.23,8787.05,8800.0,4693.35,0.3482,-4106.65
2025-05,Filial Curitiba,Verniz Automotivo,580,66.36,38488.8,60.13,34875.4,8800.0,3613.4000000000015,0.0939,-5186.5999999999985
2025-05,Filial POA,Esmalte Sintético,486,50.34,24465.24,31.06,15095.16,9600.0,9370.080000000002,0.383,-229.91999999999825
2025-05,Filial POA,Primer Industrial,327,38.05,12442.35,21.07,6889.89,9600.0,5552.46,0.4463,-4047.54
2025-05,Filial POA,Tinta Acrílica Premium,591,56.57,33432.87,35.51,20986.41,9600.0,12446.460000000003,0.3723,2846.4600000000028
2025-05,Filial POA,Tinta Látex Standard,456,42.2,19243.2,24.86,11336.16,9600.0,7907.040000000001,0.4109,-1692.9599999999991
2025-05,Filial POA,Verniz Automotivo,738,73.57,54294.66,60.03,44302.14,9600.0,9992.520000000004,0.184,392.5200000000041
2025-05,Filial RJ,Esmalte Sintético,890,50.95,45345.5,30.35,27011.5,11600.0,18334.0,0.4043,6734.0
2025-05,Filial RJ,Primer Industrial,555,37.47,20795.85,20.16,11188.8,11600.0,9607.05,0.462,-1992.9500000000007
2025-05,Filial RJ,Tinta Acrílica Premium,889,57.83,51410.87,35.14,31239.46,11600.0,20171.410000000003,0.3924,8571.410000000003
2025-05,Filial RJ,Tinta Látex Standard,791,42.06,33269.46,23.46,18556.86,11600.0,14712.599999999999,0.4422,3112.5999999999985
2025-05,Filial RJ,Verniz Automotivo,1225,69.69,85370.25,56.63,69371.75,11600.0,15998.5,0.1874,4398.5
2025-05,Filial Recife,Esmalte Sintético,218,44.36,9670.48,33.94,7398.92,9200.0,2271.5599999999995,0.2349,-6928.4400000000005
2025-05,Filial Recife,Primer Industrial,188,32.64,6136.32,19.99,3758.12,9200.0,2378.2,0.3876,-6821.8
2025-05,Filial Recife,Tinta Acrílica Premium,303,53.51,16213.53,40.08,12144.24,9200.0,4069.290000000001,0.251,-5130.709999999999
2025-05,Filial Recife,Tinta Látex Standard,214,38.23,8181.22,27.28,5837.92,9200.0,2343.3,0.2864,-6856.7
2025-05,Filial Recife,Verniz Automotivo,337,66.48,22403.76,62.77,21153.49,9200.0,1250.2699999999968,0.0558,-7949.730000000003
2025-05,Filial SP,Esmalte Sintético,1131,49.68,56188.08,27.31,30887.61,13000.0,25300.47,0.4503,12300.470000000001
2025-05,Filial SP,Primer Industrial,843,38.95,32834.85,18.45,15553.35,13000.0,17281.5,0.5263,4281.5
2025-05,Filial SP,Tinta Acrílica Premium,1419,59.34,84203.46,35.75,50729.25,13000.0,33474.21000000001,0.3975,20474.210000000006
2025-05,Filial SP,Tinta Látex Standard,1145,46.99,53803.55,25.55,29254.75,13000.0,24548.800000000003,0.4563,11548.800000000003
2025-05,Filial SP,Verniz Automotivo,2057,74.92,154110.44,53.94,110954.58,13000.0,43155.86,0.28,30155.86
2025-06,Filial BH,Esmalte Sintético,580,46.94,27225.2,30.93,17939.4,10400.0,9285.8,0.3411,-1114.2000000000007
2025-06,Filial BH,Primer Industrial,358,33.76,12086.08,18.77,6719.66,10400.0,5366.42,0.444,-5033.58
2025-06,Filial BH,Tinta Acrílica Premium,609,54.34,33093.06,36.89,22466.01,10400.0,10627.05,0.3211,227.04999999999927
2025-06,Filial BH,Tinta Látex Standard,468,41.35,19351.8,26.67,12481.56,10400.0,6870.24,0.355,-3529.76
2025-06,Filial BH,Verniz Automotivo,623,64.16,39971.68,56.12,34962.76,10400.0,5008.919999999998,0.1253,-5391.080000000002
2025-06,Filial Curitiba,Esmalte Sintético,374,50.45,18868.3,37.28,13942.72,8800.0,4925.58,0.2611,-3874.42
2025-06,Filial Curitiba,Primer Industrial,236,35.52,8382.72,20.93,4939.48,8800.0,3443.24,0.4108,-5356.76
2025-06,Filial Curitiba,Tinta Acrílica Premium,387,54.13,20948.31,39.57,15313.59,8800.0,5634.720000000001,0.269,-3165.279999999999
2025-06,Filial Curitiba,Tinta Látex Standard,260,43.53,11317.8,30.53,7937.8,8800.0,3379.999999999999,0.2986,-5420.000000000001
2025-06,Filial Curitiba,Verniz Automotivo,553,70.54,39008.62,65.11,36005.83,8800.0,3002.790000000001,0.077,-5797.209999999999
2025-06,Filial POA,Esmalte Sintético,469,48.89,22929.41,32.07,15040.83,9600.0,7888.58,0.344,-1711.42
2025-06,Filial POA,Primer Industrial,360,39.08,14068.8,21.58,7768.8,9600.0,6299.999999999999,0.4478,-3300.000000000001
2025-06,Filial POA,Tinta Acrílica Premium,480,57.68,27686.4,36.46,17500.8,9600.0,10185.600000000002,0.3679,585.6000000000022
2025-06,Filial POA,Tinta Látex Standard,442,46.14,20393.88,28.23,12477.66,9600.0,7916.220000000001,0.3882,-1683.7799999999988
2025-06,Filial POA,Verniz Automotivo,625,69.06,43162.5,57.69,36056.25,9600.0,7106.25,0.1646,-2493.75
2025-06,Filial RJ,Esmalte Sintético,797,51.89,41356.33,30.25,24109.25,11600.0,17247.08,0.417,5647.080000000002
2025-06,Filial RJ,Primer Industrial,594,38.27,22732.38,20.02,11891.88,11600.0,10840.500000000002,0.4769,-759.4999999999982
2025-06,Filial RJ,Tinta Acrílica Premium,860,54.7,47042.0,36.18,31114.8,11600.0,15927.2,0.3386,4327.200000000001
2025-06,Filial RJ,Tinta Látex Standard,630,44.99,28343.7,24.82,15636.6,11600.0,12707.1,0.4483,1107.1000000000004
2025-06,Filial RJ,Verniz Automotivo,1255,65.66,82403.3,53.42,67042.1,11600.0,15361.199999999997,0.1864,3761.199999999997
2025-06,Filial Recife,Esmalte Sintético,210,46.43,9750.3,34.2,7182.0,9200.0,2568.2999999999993,0.2634,-6631.700000000001
2025-06,Filial Recife,Primer Industrial,198,35.16,6961.68,23.23,4599.54,9200.0,2362.1400000000003,0.3393,-6837.86
2025-06,Filial Recife,Tinta Acrílica Premium,274,51.57,14130.18,42.02,11513.48,9200.0,2616.7000000000007,0.1852,-6583.299999999999
2025-06,Filial Recife,Tinta Látex Standard,226,38.18,8628.68,25.82,5835.32,9200.0,2793.3600000000006,0.3237,-6406.639999999999
2025-06,Filial Recife,Verniz Automotivo,314,65.99,20720.86,66.33,20827.62,9200.0,-106.7599999999984,-0.0052,-9306.759999999998
2025-06,Filial SP,Esmalte Sintético,1094,49.77,54448.38,29.17,31911.98,13000.0,22536.399999999998,0.4139,9536.399999999998
2025-06,Filial SP,Primer Industrial,981,38.57,37837.17,19.97,19590.57,13000.0,18246.6,0.4822,5246.5999999999985
2025-06,Filial SP,Tinta Acrílica Premium,1513,58.84,89024.92,35.33,53454.29,13000.0,35570.63,0.3996,22570.629999999997
2025-06,Filial SP,Tinta Látex Standard,1206,43.25,52159.5,23.77,28666.62,13000.0,23492.88,0.4504,10492.880000000001
2025-06,Filial SP,Verniz Automotivo,1467,71.77,105286.59,50.92,74699.64,13000.0,30586.949999999997,0.2905,17586.949999999997
2025-07,Filial BH,Esmalte Sintético,447,46.96,20991.12,32.04,14321.88,10400.0,6669.24,0.3177,-3730.76
2025-07,Filial BH,Primer Industrial,356,34.25,12193.0,19.37,6895.72,10400.0,5297.28,0.4345,-5102.72
2025-07,Filial BH,Tinta Acrílica Premium,548,54.81,30035.88,36.99,20270.52,10400.0,9765.36,0.3251,-634.6399999999994
2025-07,Filial BH,Tinta Látex Standard,435,42.49,18483.15,27.53,11975.55,10400.0,6507.600000000002,0.3521,-3892.399999999998
2025-07,Filial BH,Verniz Automotivo,600,68.4,41040.0,57.21,34326.0,10400.0,6714.0,0.1636,-3686.0
2025-07,Filial Curitiba,Esmalte Sintético,333,47.67,15874.11,33.91,11292.03,8800.0,4582.08,0.2887,-4217.92
2025-07,Filial Curitiba,Primer Industrial,255,34.05,8682.75,20.32,5181.6,8800.0,3501.1499999999996,0.4032,-5298.85
2025-07,Filial Curitiba,Tinta Acrílica Premium,409,52.2,21349.8,38.17,15611.53,8800.0,5738.269999999999,0.2688,-3061.7300000000014
2025-07,Filial Curitiba,Tinta Látex Standard,305,43.04,13127.2,28.34,8643.7,8800.0,4483.5,0.3415,-4316.5
2025-07,Filial Curitiba,Verniz Automotivo,408,66.33,27062.64,60.8,24806.4,8800.0,2256.239999999998,0.0834,-6543.760000000002
2025-07,Filial POA,Esmalte Sintético,463,50.47,23367.61,32.33,14968.79,9600.0,8398.82,0.3594,-1201.1800000000003
2025-07,Filial POA,Primer Industrial,275,36.25,9968.75,18.68,5137.0,9600.0,4831.75,0.4847,-4768.25
2025-07,Filial POA,Tinta Acrílica Premium,431,54.77,23605.87,34.81,15003.11,9600.0,8602.759999999998,0.3644,-997.2400000000016
2025-07,Filial POA,Tinta Látex Standard,319,42.47,13547.93,24.56,7834.64,9600.0,5713.29,0.4217,-3886.71
2025-07,Filial POA,Verniz Automotivo,600,68.16,40896.0,54.36,32616.0,9600.0,8280.0,0.2025,-1320.0
2025-07,Filial RJ,Esmalte Sintético,703,49.89,35072.67,30.06,21132.18,11600.0,13940.489999999998,0.3975,2340.489999999998
2025-07,Filial RJ,Primer Industrial,533,38.03,20269.99,19.55,10420.15,11600.0,9849.840000000002,0.4859,-1750.159999999998
2025-07,Filial RJ,Tinta Acrílica Premium,807,53.85,43456.95,32.74,26421.18,11600.0,17035.769999999997,0.392,5435.769999999997
2025-07,Filial RJ,Tinta Látex Standard,688,43.52,29941.76,25.76,17722.88,11600.0,12218.879999999997,0.4081,618.8799999999974
2025-07,Filial RJ,Verniz Automotivo,935,66.3,61990.5,49.39,46179.65,11600.0,15810.849999999999,0.2551,4210.8499999999985
2025-07,Filial Recife,Esmalte Sintético,230,43.88,10092.4,33.69,7748.7,9200.0,2343.7,0.2322,-6856.3
2025-07,Filial Recife,Primer Industrial,167,32.58,5440.86,21.6,3607.2,9200.0,1833.6599999999999,0.337,-7366.34
2025-07,Filial Recife,Tinta Acrílica Premium,222,50.85,11288.7,38.43,8531.46,9200.0,2757.2400000000016,0.2442,-6442.759999999998
2025-07,Filial Recife,Tinta Látex Standard,166,38.48,6387.68,27.21,4516.86,9200.0,1870.8200000000006,0.2929,-7329.179999999999
2025-07,Filial Recife,Verniz Automotivo,277,63.13,17487.01,60.53,16766.81,9200.0,720.1999999999971,0.0412,-8479.800000000003
2025-07,Filial SP,Esmalte Sintético,1243,51.85,64449.55,31.0,38533.0,13000.0,25916.550000000003,0.4021,12916.550000000003
2025-07,Filial SP,Primer Industrial,863,38.48,33208.24,19.77,17061.51,13000.0,16146.73,0.4862,3146.7299999999996
2025-07,Filial SP,Tinta Acrílica Premium,1477,59.12,87320.24,34.8,51399.6,13000.0,35920.64000000001,0.4114,22920.640000000007
2025-07,Filial SP,Tinta Látex Standard,1051,45.53,47852.03,24.69,25949.19,13000.0,21902.84,0.4577,8902.84
2025-07,Filial SP,Verniz Automotivo,1414,73.24,103561.36,54.49,77048.86,13000.0,26512.5,0.256,13512.5
2025-08,Filial BH,Esmalte Sintético,417,45.61,19019.37,30.87,12872.79,10400.0,6146.579999999998,0.3232,-4253.420000000002
2025-08,Filial BH,Primer Industrial,288,34.94,10062.72,19.32,5564.16,10400.0,4498.5599999999995,0.4471,-5901.4400000000005
2025-08,Filial BH,Tinta Acrílica Premium,483,55.89,26994.87,38.52,18605.16,10400.0,8389.71,0.3108,-2010.2900000000009
2025-08,Filial BH,Tinta Látex Standard,357,39.37,14055.09,23.56,8410.92,10400.0,5644.17,0.4016,-4755.83
2025-08,Filial BH,Verniz Automotivo,574,63.37,36374.38,51.38,29492.12,10400.0,6882.259999999998,0.1892,-3517.7400000000016
2025-08,Filial Curitiba,Esmalte Sintético,284,50.37,14305.08,37.15,10550.6,8800.0,3754.4799999999996,0.2625,-5045.52
2025-08,Filial Curitiba,Primer Industrial,250,34.36,8590.0,21.51,5377.5,8800.0,3212.5,0.374,-5587.5
2025-08,Filial Curitiba,Tinta Acrílica Premium,386,53.63,20701.18,41.36,15964.96,8800.0,4736.220000000001,0.2288,-4063.779999999999
2025-08,Filial Curitiba,Tinta Látex Standard,239,42.76,10219.64,29.83,7129.37,8800.0,3090.2699999999995,0.3024,-5709.7300000000005
2025-08,Filial Curitiba,Verniz Automotivo,426,67.01,28546.26,60.97,25973.22,8800.0,2573.0399999999972,0.0901,-6226.960000000003
2025-08,Filial POA,Esmalte Sintético,432,50.89,21984.48,32.29,13949.28,9600.0,8035.199999999999,0.3655,-1564.800000000001
2025-08,Filial POA,Primer Industrial,264,38.41,10140.24,20.09,5303.76,9600.0,4836.48,0.477,-4763.52
2025-08,Filial POA,Tinta Acrílica Premium,495,54.98,27215.1,35.92,17780.4,9600.0,9434.699999999997,0.3467,-165.3000000000029
2025-08,Filial POA,Tinta Látex Standard,379,45.61,17286.19,28.23,10699.17,9600.0,6587.019999999999,0.3811,-3012.9800000000014
2025-08,Filial POA,Verniz Automotivo,494,68.08,33631.52,56.07,27698.58,9600.0,5932.939999999995,0.1764,-3667.060000000005
2025-08,Filial RJ,Esmalte Sintético,666,47.61,31708.26,28.37,18894.42,11600.0,12813.84,0.4041,1213.8400000000001
2025-08,Filial RJ,Primer Industrial,482,37.08,17872.56,19.49,9394.18,11600.0,8478.380000000001,0.4744,-3121.619999999999
2025-08,Filial RJ,Tinta Acrílica Premium,859,56.42,48464.78,36.64,31473.76,11600.0,16991.02,0.3506,5391.02
2025-08,Filial RJ,Tinta Látex Standard,643,42.99,27642.57,23.9,15367.7,11600.0,12274.869999999999,0.4441,674.869999999999
2025-08,Filial RJ,Verniz Automotivo,957,69.4,66415.8,55.67,53276.19,11600.0,13139.61,0.1978,1539.6100000000006
2025-08,Filial Recife,Esmalte Sintético,200,46.15,9230.0,32.86,6572.0,9200.0,2658.0,0.288,-6542.0
2025-08,Filial Recife,Primer Industrial,142,32.76,4651.92,20.02,2842.84,9200.0,1809.08,0.3889,-7390.92
2025-08,Filial Recife,Tinta Acrílica Premium,216,51.61,11147.76,40.34,8713.44,9200.0,2434.3199999999997,0.2184,-6765.68
2025-08,Filial Recife,Tinta Látex Standard,162,38.46,6230.52,27.61,4472.82,9200.0,1757.7000000000007,0.2821,-7442.299999999999
2025-08,Filial Recife,Verniz Automotivo,263,64.52,16968.76,59.7,15701.1,9200.0,1267.659999999998,0.0747,-7932.340000000002
2025-08,Filial SP,Esmalte Sintético,1024,49.27,50452.48,27.95,28620.8,13000.0,21831.680000000004,0.4327,8831.680000000004
2025-08,Filial SP,Primer Industrial,718,37.59,26989.62,17.9,12852.2,13000.0,14137.419999999998,0.5238,1137.4199999999983
2025-08,Filial SP,Tinta Acrílica Premium,1279,60.81,77775.99,36.83,47105.57,13000.0,30670.420000000006,0.3943,17670.420000000006
2025-08,Filial SP,Tinta Látex Standard,933,43.23,40333.59,23.65,22065.45,13000.0,18268.139999999996,0.4529,5268.139999999996
2025-08,Filial SP,Verniz Automotivo,1494,70.15,104804.1,50.88,76014.72,13000.0,28789.380000000005,0.2747,15789.380000000005
2025-09,Filial BH,Esmalte Sintético,456,45.51,20752.56,29.07,13255.92,10400.0,7496.640000000001,0.3612,-2903.3599999999988
2025-09,Filial BH,Primer Industrial,287,35.7,10245.9,18.99,5450.13,10400.0,4795.7699999999995,0.4681,-5604.2300000000005
2025-09,Filial BH,Tinta Acrílica Premium,420,55.64,23368.8,38.43,16140.6,10400.0,7228.199999999999,0.3093,-3171.800000000001
2025-09,Filial BH,Tinta Látex Standard,347,39.52,13713.44,25.22,8751.34,10400.0,4962.1,0.3618,-5437.9
2025-09,Filial BH,Verniz Automotivo,605,65.82,39821.1,57.26,34642.3,10400.0,5178.799999999996,0.1301,-5221.200000000004
2025-09,Filial Curitiba,Esmalte Sintético,273,49.44,13497.12,36.83,10054.59,8800.0,3442.5300000000007,0.2551,-5357.469999999999
2025-09,Filial Curitiba,Primer Industrial,233,35.52,8276.16,20.9,4869.7,8800.0,3406.46,0.4116,-5393.54
2025-09,Filial Curitiba,Tinta Acrílica Premium,352,56.96,20049.92,42.88,15093.76,8800.0,4956.159999999998,0.2472,-3843.840000000002
2025-09,Filial Curitiba,Tinta Látex Standard,257,43.77,11248.89,30.38,7807.66,8800.0,3441.2299999999996,0.3059,-5358.77
2025-09,Filial Curitiba,Verniz Automotivo,349,67.71,23630.79,62.82,21924.18,8800.0,1706.6100000000006,0.0722,-7093.389999999999
2025-09,Filial POA,Esmalte Sintético,392,48.83,19141.36,29.93,11732.56,9600.0,7408.800000000001,0.3871,-2191.199999999999
2025-09,Filial POA,Primer Industrial,284,38.22,10854.48,20.93,5944.12,9600.0,4910.36,0.4524,-4689.64
2025-09,Filial POA,Tinta Acrílica Premium,415,58.7,24360.5,40.2,16683.0,9600.0,7677.5,0.3152,-1922.5
2025-09,Filial POA,Tinta Látex Standard,298,45.41,13532.18,26.19,7804.62,9600.0,5727.56,0.4233,-3872.4399999999996
2025-09,Filial POA,Verniz Automotivo,553,67.78,37482.34,54.34,30050.02,9600.0,7432.319999999996,0.1983,-2167.680000000004
2025-09,Filial RJ,Esmalte Sintético,588,51.43,30240.84,30.96,18204.48,11600.0,12036.36,0.398,436.3600000000006
2025-09,Filial RJ,Primer Industrial,479,38.04,18221.16,20.1,9627.9,11600.0,8593.26,0.4716,-3006.74
2025-09,Filial RJ,Tinta Acrílica Premium,805,55.3,44516.5,36.4,29302.0,11600.0,15214.5,0.3418,3614.5
2025-09,Filial RJ,Tinta Látex Standard,546,42.47,23188.62,24.54,13398.84,11600.0,9789.779999999999,0.4222,-1810.2200000000012
2025-09,Filial RJ,Verniz Automotivo,837,70.5,59008.5,55.22,46219.14,11600.0,12789.36,0.2167,1189.3600000000006
2025-09,Filial Recife,Esmalte Sintético,215,44.41,9548.15,33.39,7178.85,9200.0,2369.2999999999993,0.2481,-6830.700000000001
2025-09,Filial Recife,Primer Industrial,140,34.38,4813.2,20.91,2927.4,9200.0,1885.7999999999997,0.3918,-7314.200000000001
2025-09,Filial Recife,Tinta Acrílica Premium,227,52.22,11853.94,39.77,9027.79,9200.0,2826.1499999999996,0.2384,-6373.85
2025-09,Filial Recife,Tinta Látex Standard,157,38.73,6080.61,28.62,4493.34,9200.0,1587.2699999999995,0.261,-7612.7300000000005
2025-09,Filial Recife,Verniz Automotivo,271,63.37,17173.27,60.51,16398.21,9200.0,775.0600000000013,0.0451,-8424.939999999999
2025-09,Filial SP,Esmalte Sintético,899,50.01,44958.99,29.79,26781.21,13000.0,18177.78,0.4043,5177.779999999999
2025-09,Filial SP,Primer Industrial,776,38.34,29751.84,18.71,14518.96,13000.0,15232.880000000001,0.512,2232.880000000001
2025-09,Filial SP,Tinta Acrílica Premium,1279,56.64,72442.56,32.78,41925.62,13000.0,30516.939999999995,0.4213,17516.939999999995
2025-09,Filial SP,Tinta Látex Standard,933,45.34,42302.22,25.79,24062.07,13000.0,18240.15,0.4312,5240.1500000000015
2025-09,Filial SP,Verniz Automotivo,1241,74.13,91995.33,53.4,66269.4,13000.0,25725.930000000008,0.2796,12725.930000000008
2025-10,Filial BH,Esmalte Sintético,422,45.11,19036.42,30.1,12702.2,10400.0,6334.2199999999975,0.3327,-4065.7800000000025
2025-10,Filial BH,Primer Industrial,277,36.24,10038.48,19.63,5437.51,10400.0,4600.969999999999,0.4583,-5799.030000000001
2025-10,Filial BH,Tinta Acrílica Premium,396,54.17,21451.32,35.75,14157.0,10400.0,7294.32,0.34,-3105.6800000000003
2025-10,Filial BH,Tinta Látex Standard,406,39.56,16061.36,24.32,9873.92,10400.0,6187.4400000000005,0.3852,-4212.5599999999995
2025-10,Filial BH,Verniz Automotivo,500,68.86,34430.0,57.65,28825.0,10400.0,5605.0,0.1628,-4795.0
2025-10,Filial Curitiba,Esmalte Sintético,287,46.88,13454.56,32.78,9407.86,8800.0,4046.699999999999,0.3008,-4753.300000000001
2025-10,Filial Curitiba,Primer Industrial,226,33.96,7674.96,19.92,4501.92,8800.0,3173.04,0.4134,-5626.96
2025-10,Filial Curitiba,Tinta Acrílica Premium,279,55.43,15464.97,40.38,11266.02,8800.0,4198.949999999999,0.2715,-4601.050000000001
2025-10,Filial Curitiba,Tinta Látex Standard,209,40.92,8552.28,28.44,5943.96,8800.0,2608.3200000000006,0.305,-6191.679999999999
2025-10,Filial Curitiba,Verniz Automotivo,421,69.42,29225.82,63.07,26552.47,8800.0,2673.3499999999985,0.0915,-6126.6500000000015
2025-10,Filial POA,Esmalte Sintético,341,50.9,17356.9,30.96,10557.36,9600.0,6799.540000000001,0.3917,-2800.459999999999
2025-10,Filial POA,Primer Industrial,235,38.75,9106.25,21.86,5137.1,9600.0,3969.1499999999996,0.4359,-5630.85
2025-10,Filial POA,Tinta Acrílica Premium,360,54.55,19638.0,35.9,12924.0,9600.0,6714.0,0.3419,-2886.0
2025-10,Filial POA,Tinta Látex Standard,311,42.09,13089.99,25.95,8070.45,9600.0,5019.54,0.3835,-4580.46
2025-10,Filial POA,Verniz Automotivo,482,70.57,34014.74,56.82,27387.24,9600.0,6627.499999999996,0.1948,-2972.5000000000036
2025-10,Filial RJ,Esmalte Sintético,625,49.05,30656.25,31.11,19443.75,11600.0,11212.5,0.3657,-387.5
2025-10,Filial RJ,Primer Industrial,443,36.84,16320.12,19.48,8629.64,11600.0,7690.480000000001,0.4712,-3909.5199999999986
2025-10,Filial RJ,Tinta Acrílica Premium,796,55.04,43811.84,34.58,27525.68,11600.0,16286.159999999996,0.3717,4686.159999999996
2025-10,Filial RJ,Tinta Látex Standard,582,42.79,24903.78,24.13,14043.66,11600.0,10860.119999999999,0.4361,-739.880000000001
2025-10,Filial RJ,Verniz Automotivo,857,66.33,56844.81,50.26,43072.82,11600.0,13771.989999999998,0.2423,2171.989999999998
2025-10,Filial Recife,Esmalte Sintético,170,44.76,7609.2,33.94,5769.8,9200.0,1839.3999999999996,0.2417,-7360.6
2025-10,Filial Recife,Primer Industrial,117,32.65,3820.05,21.49,2514.33,9200.0,1305.7200000000003,0.3418,-7894.28
2025-10,Filial Recife,Tinta Acrílica Premium,201,50.81,10212.81,40.25,8090.25,9200.0,2122.5599999999995,0.2078,-7077.4400000000005
2025-10,Filial Recife,Tinta Látex Standard,157,38.1,5981.7,26.12,4100.84,9200.0,1880.8599999999997,0.3144,-7319.14
2025-10,Filial Recife,Verniz Automotivo,275,65.02,17880.5,59.37,16326.75,9200.0,1553.75,0.0869,-7646.25
2025-10,Filial SP,Esmalte Sintético,929,53.32,49534.28,29.27,27191.83,13000.0,22342.449999999997,0.4511,9342.449999999997
2025-10,Filial SP,Primer Industrial,686,37.86,25971.96,18.81,12903.66,13000.0,13068.3,0.5032,68.29999999999927
2025-10,Filial SP,Tinta Acrílica Premium,1265,60.48,76507.2,35.22,44553.3,13000.0,31953.899999999994,0.4177,18953.899999999994
2025-10,Filial SP,Tinta Látex Standard,957,46.66,44653.62,25.71,24604.47,13000.0,20049.15,0.449,7049.1500000000015
2025-10,Filial SP,Verniz Automotivo,1397,71.27,99564.19,50.56,70632.32,13000.0,28931.869999999995,0.2906,15931.869999999995
2025-11,Filial BH,Esmalte Sintético,429,46.08,19768.32,30.16,12938.64,10400.0,6829.68,0.3455,-3570.3199999999997
2025-11,Filial BH,Primer Industrial,324,36.0,11664.0,19.5,6318.0,10400.0,5346.0,0.4583,-5054.0
2025-11,Filial BH,Tinta Acrílica Premium,423,55.09,23303.07,39.39,16661.97,10400.0,6641.0999999999985,0.285,-3758.9000000000015
2025-11,Filial BH,Tinta Látex Standard,368,39.65,14591.2,24.02,8839.36,10400.0,5751.84,0.3942,-4648.16
2025-11,Filial BH,Verniz Automotivo,500,68.32,34160.0,55.0,27500.0,10400.0,6660.0,0.195,-3740.0
2025-11,Filial Curitiba,Esmalte Sintético,299,48.28,14435.72,35.12,10500.88,8800.0,3934.84,0.2726,-4865.16
2025-11,Filial Curitiba,Primer Industrial,203,34.79,7062.37,21.97,4459.91,8800.0,2602.46,0.3685,-6197.54
2025-11,Filial Curitiba,Tinta Acrílica Premium,294,55.12,16205.28,39.38,11577.72,8800.0,4627.560000000001,0.2856,-4172.439999999999
2025-11,Filial Curitiba,Tinta Látex Standard,243,42.41,10305.63,28.36,6891.48,8800.0,3414.1499999999996,0.3313,-5385.85
2025-11,Filial Curitiba,Verniz Automotivo,421,64.56,27179.76,56.75,23891.75,8800.0,3288.0099999999984,0.121,-5511.990000000002
2025-11,Filial POA,Esmalte Sintético,351,50.01,17553.51,31.57,11081.07,9600.0,6472.439999999999,0.3687,-3127.5600000000013
2025-11,Filial POA,Primer Industrial,230,36.15,8314.5,19.99,4597.7,9600.0,3716.8,0.447,-5883.2
2025-11,Filial POA,Tinta Acrílica Premium,347,55.12,19126.64,37.83,13127.01,9600.0,5999.629999999999,0.3137,-3600.370000000001
2025-11,Filial POA,Tinta Látex Standard,348,44.43,15461.64,26.93,9371.64,9600.0,6090.0,0.3939,-3510.0
2025-11,Filial POA,Verniz Automotivo,525,68.11,35757.75,57.46,30166.5,9600.0,5591.25,0.1564,-4008.75
2025-11,Filial RJ,Esmalte Sintético,626,47.09,29478.34,28.01,17534.26,11600.0,11944.080000000002,0.4052,344.08000000000175
2025-11,Filial RJ,Primer Industrial,479,37.04,17742.16,18.87,9038.73,11600.0,8703.43,0.4906,-2896.5699999999997
2025-11,Filial RJ,Tinta Acrílica Premium,710,54.75,38872.5,36.5,25915.0,11600.0,12957.5,0.3333,1357.5
2025-11,Filial RJ,Tinta Látex Standard,600,41.45,24870.0,24.93,14958.0,11600.0,9912.0,0.3986,-1688.0
2025-11,Filial RJ,Verniz Automotivo,887,71.51,63429.37,57.67,51153.29,11600.0,12276.080000000002,0.1935,676.0800000000017
2025-11,Filial Recife,Esmalte Sintético,188,46.75,8789.0,36.37,6837.56,9200.0,1951.4399999999996,0.222,-7248.56
2025-11,Filial Recife,Primer Industrial,150,33.03,4954.5,20.12,3018.0,9200.0,1936.5,0.3909,-7263.5
2025-11,Filial Recife,Tinta Acrílica Premium,188,52.54,9877.52,39.99,7518.12,9200.0,2359.4000000000005,0.2389,-6840.599999999999
2025-11,Filial Recife,Tinta Látex Standard,159,39.15,6224.85,27.4,4356.6,9200.0,1868.25,0.3001,-7331.75
2025-11,Filial Recife,Verniz Automotivo,281,62.7,17618.7,60.5,17000.5,9200.0,618.2000000000007,0.0351,-8581.8
2025-11,Filial SP,Esmalte Sintético,964,52.22,50340.08,29.46,28399.44,13000.0,21940.640000000003,0.4358,8940.640000000003
2025-11,Filial SP,Primer Industrial,767,37.9,29069.3,18.86,14465.62,13000.0,14603.679999999998,0.5024,1603.6799999999985
2025-11,Filial SP,Tinta Acrílica Premium,1031,55.73,57457.63,32.64,33651.84,13000.0,23805.79,0.4143,10805.79
2025-11,Filial SP,Tinta Látex Standard,891,44.65,39783.15,25.52,22738.32,13000.0,17044.83,0.4284,4044.8300000000017
2025-11,Filial SP,Verniz Automotivo,1524,70.86,107990.64,51.35,78257.4,13000.0,29733.240000000005,0.2753,16733.240000000005
2025-12,Filial BH,Esmalte Sintético,490,44.97,22035.3,29.56,14484.4,10400.0,7550.9,0.3427,-2849.1000000000004
2025-12,Filial BH,Primer Industrial,303,33.53,10159.59,17.92,5429.76,10400.0,4729.83,0.4656,-5670.17
2025-12,Filial BH,Tinta Acrílica Premium,534,52.22,27885.48,37.13,19827.42,10400.0,8058.060000000001,0.289,-2341.9399999999987
2025-12,Filial BH,Tinta Látex Standard,443,42.82,18969.26,26.48,11730.64,10400.0,7238.619999999999,0.3816,-3161.380000000001
2025-12,Filial BH,Verniz Automotivo,689,67.86,46755.54,55.77,38425.53,10400.0,8330.010000000002,0.1782,-2069.989999999998
2025-12,Filial Curitiba,Esmalte Sintético,341,47.95,16350.95,33.84,11539.44,8800.0,4811.51,0.2943,-3988.49
2025-12,Filial Curitiba,Primer Industrial,232,34.69,8048.08,22.19,5148.08,8800.0,2900.0,0.3603,-5900.0
2025-12,Filial Curitiba,Tinta Acrílica Premium,360,53.17,19141.2,38.22,13759.2,8800.0,5382.0,0.2812,-3418.0
2025-12,Filial Curitiba,Tinta Látex Standard,247,41.11,10154.17,27.39,6765.33,8800.0,3388.84,0.3337,-5411.16
2025-12,Filial Curitiba,Verniz Automotivo,381,64.12,24429.72,56.02,21343.62,8800.0,3086.100000000002,0.1263,-5713.899999999998
2025-12,Filial POA,Esmalte Sintético,427,51.19,21858.13,31.39,13403.53,9600.0,8454.6,0.3868,-1145.3999999999996
2025-12,Filial POA,Primer Industrial,242,38.78,9384.76,19.94,4825.48,9600.0,4559.280000000001,0.4858,-5040.719999999999
2025-12,Filial POA,Tinta Acrílica Premium,458,56.28,25776.24,37.98,17394.84,9600.0,8381.400000000001,0.3252,-1218.5999999999985
2025-12,Filial POA,Tinta Látex Standard,289,43.19,12481.91,26.02,7519.78,9600.0,4962.13,0.3975,-4637.87
2025-12,Filial POA,Verniz Automotivo,579,69.12,40020.48,56.69,32823.51,9600.0,7196.970000000001,0.1798,-2403.029999999999
2025-12,Filial RJ,Esmalte Sintético,722,51.55,37219.1,30.39,21941.58,11600.0,15277.519999999997,0.4105,3677.519999999997
2025-12,Filial RJ,Primer Industrial,513,38.07,19529.91,18.95,9721.35,11600.0,9808.56,0.5022,-1791.4400000000005
2025-12,Filial RJ,Tinta Acrílica Premium,806,56.97,45917.82,37.62,30321.72,11600.0,15596.099999999999,0.3397,3996.0999999999985
2025-12,Filial RJ,Tinta Látex Standard,547,42.95,23493.65,24.22,13248.34,11600.0,10245.310000000001,0.4361,-1354.6899999999987
2025-12,Filial RJ,Verniz Automotivo,1085,71.86,77968.1,53.67,58231.95,11600.0,19736.15000000001,0.2531,8136.150000000009
2025-12,Filial Recife,Esmalte Sintético,209,47.72,9973.48,37.3,7795.7,9200.0,2177.7799999999997,0.2184,-7022.22
2025-12,Filial Recife,Primer Industrial,161,33.72,5428.92,21.38,3442.18,9200.0,1986.7400000000002,0.366,-7213.26
2025-12,Filial Recife,Tinta Acrílica Premium,254,52.15,13246.1,42.52,10800.08,9200.0,2446.0200000000004,0.1847,-6753.98
2025-12,Filial Recife,Tinta Látex Standard,191,41.99,8020.09,29.37,5609.67,9200.0,2410.42,0.3005,-6789.58
2025-12,Filial Recife,Verniz Automotivo,303,63.37,19201.11,60.62,18367.86,9200.0,833.25,0.0434,-8366.75
2025-12,Filial SP,Esmalte Sintético,1046,50.12,52425.52,29.07,30407.22,13000.0,22018.299999999996,0.42,9018.299999999996
2025-12,Filial SP,Primer Industrial,874,39.14,34208.36,19.97,17453.78,13000.0,16754.58,0.4898,3754.5800000000017
2025-12,Filial SP,Tinta Acrílica Premium,1310,59.64,78128.4,35.26,46190.6,13000.0,31937.799999999996,0.4088,18937.799999999996
2025-12,Filial SP,Tinta Látex Standard,950,44.37,42151.5,23.41,22239.5,13000.0,19912.0,0.4724,6912.0
2025-12,Filial SP,Verniz Automotivo,1665,69.39,115534.35,53.84,89643.6,13000.0,25890.75,0.2241,12890.75
